name	dpsst_identifier	agency	employment_status	rank
Smith, Michael R.	17975	Portland Police Bureau	Inactive	Police Officer
Klinger, Scott R.	21705	Portland Police Bureau	Inactive	Police Officer
Sessions, Timothy E.	21772	Portland Police Bureau	Active	Sergeant
Anderson, Erin K.	22178	Portland Police Bureau	Active	Police Officer
Mitchell, Edgar O., Jr.	22419	Portland Police Bureau	Inactive	Police Officer
Frome, Michael A.	22827	Portland Police Bureau	Active	Deputy Chief
Michaelson, David K.	23060	Portland Police Bureau	Active	Lieutenant
Alderman, Wayne D.	23331	Portland Police Bureau	Inactive	Police Officer
Thorsen, Erick M.	23581	Portland Police Bureau	Active	Police Officer
Foster, William S.	23591	Portland Police Bureau	Inactive	Police Officer
Dale, Brian J.	23726	Portland Police Bureau	Active	Detective
Gallagher, Michael O.	23941	Portland Police Bureau	Inactive	Police Officer
Wilcox, Dennis N.	24189	Portland Police Bureau	Inactive	Police Officer
Barnum, Bret R.	24724	Portland Police Bureau	Inactive	Sergeant
McHugill, Steven N.	24736	Portland Police Bureau	Active	Police Officer
Outhaythip, Navarath	24990	Portland Police Bureau	Active	Criminalist
Daul, Chad R.	25075	Portland Police Bureau	Inactive	Police Officer
Turner, Daryl	25221	Portland Police Bureau	Inactive	Police Officer
* MISSING	25247	""	""	""
Lee, Kim E.	25632	Portland Police Bureau	Inactive	Police Officer
Schmitt, Tori L.	25861	Portland Police Bureau	Inactive	Police Officer
VanBlokland, Kelly C.	26660	Portland Police Bureau	Inactive	Police Officer
Nichols, Michael J.	26758	Portland Police Bureau	Active	Police Officer
Wingfield, Larry L.	26849	Portland Police Bureau	Active	Police Officer
Frolov, Larry	26855	Portland Police Bureau	Active	Police Officer
Dunick, Scott C.	26973	Portland Police Bureau	Inactive	Police Officer
Chong, Tom T.	27167	Portland Police Bureau	Inactive	Police Officer
Churella, Joseph J.	27249	Portland Police Bureau	Inactive	Police Officer
Chinn, Curtis A.	27250	Portland Police Bureau	Inactive	Police Officer
Harvey, Richard	27543	Portland Police Bureau	Active	Police Officer
Bender, Robert A.	27544	Portland Police Bureau	Inactive	Police Officer
Harris, James A.	27566	Portland Police Bureau	Active	Detective
Stainbrook, Richard A.	27833	Portland Police Bureau	Active	Lieutenant
Besner, Leo M.	27981	Portland Police Bureau	Inactive	Lieutenant
Yochim, Jonathan D.	28036	Portland Police Bureau	Inactive	Police Officer
Johnson, Christopher P.	28038	Portland Police Bureau	Inactive	Police Officer
Barker, Christian L.	28069	Portland Police Bureau	Inactive	Police Officer
Pashley, Gregory R.	28089	Portland Police Bureau	Active	Lieutenant
Snyder, Mark E.	28162	Portland Police Bureau	Inactive	Sergeant
Nilsen, Matthew J.	28174	Portland Police Bureau	Active	Sergeant
Francis, Michael R.	28248	Portland Police Bureau	Active	Police Officer
Gaither, Mark H.	28276	Portland Police Bureau	Inactive	Police Officer
Parman, Bryan H.	28328	Portland Police Bureau	Inactive	Commander
Ossenkop, Brian D.	28330	Portland Police Bureau	Active	Assistant Chief
Hubert, Jason R.	28376	Portland Police Bureau	Active	Police Officer
Marley, Thomas A.	28508	Portland Police Bureau	Active	Police Officer
Daul, Molly M.	28647	Portland Police Bureau	Inactive	Detective
Simpson, Peter B.	28653	Portland Police Bureau	Active	Sergeant
Goldschmidt, Joshua A.	28711	Portland Police Bureau	Inactive	Sergeant
McConnell, Peter H.	28715	Portland Police Bureau	Inactive	Sergeant
McCormick, David P.	28717	Portland Police Bureau	Active	Detective
Sothern, Sean C.	28796	Portland Police Bureau	Active	Sergeant
Andrew, Daniel J.	28919	Portland Police Bureau	Inactive	Detective
Shaw, Darrell W.	28923	Portland Police Bureau	Inactive	Police Officer
Willard, Elizabeth A.	28929	Portland Police Bureau	Active	Police Officer
Dorn, Jeffrey P.	29094	Portland Police Bureau	Active	Sergeant
Habkirk, James B.	29192	Portland Police Bureau	Active	Police Officer
Andrew, Rachel K.	29193	Portland Police Bureau	Active	Lieutenant
Viuhkola, Crystal M.	29197	Portland Police Bureau	Inactive	Police Officer
Preston, Jason M.	29200	Portland Police Bureau	Inactive	Sergeant
Ottoman, Kerri L.	29213	Portland Police Bureau	Active	Police Officer
Morris, James J.	29314	Portland Police Bureau	Active	Sergeant
Elias, Jeffrey E.	29338	Portland Police Bureau	Active	Police Officer
Birkinbine, John C.	29351	Portland Police Bureau	Active	Sergeant
Francis, Jason K.	29355	Portland Police Bureau	Active	Police Officer
* MISSING	29376	""	""	""
Pahlke, Timothy D.	29378	Portland Police Bureau	Active	Police Officer
Andrusko, Steven L.	29502	Portland Police Bureau	Active	Sergeant
Pool, Michael E.	29520	Portland Police Bureau	Active	Sergeant
Posey, Darren L.	29521	Portland Police Bureau	Active	Detective
Santos, Joseph P.	29573	Portland Police Bureau	Active	Sergeant
Teats, Todd M.	29579	Portland Police Bureau	Active	Police Officer
Felts, Kevin C.	29650	Portland Police Bureau	Active	Sergeant
Albert, Steven G.	29707	Portland Police Bureau	Active	Police Officer
Glaske, Neal L.	29743	Portland Police Bureau	Inactive	Police Officer
Robinson, Timothy K.	29814	Portland Police Bureau	Active	Commander
Grundmeyer, Troy R.	29898	Portland Police Bureau	Inactive	Sergeant
Hurley, Erica L.	29900	Portland Police Bureau	Active	Commander
Roberts, Cory R.	29901	Portland Police Bureau	Active	Sergeant
Pearce, Jason B.	29904	Portland Police Bureau	Active	Lieutenant
Russell, John M.	29907	Portland Police Bureau	Active	Detective
Engstrom, Todd R.	29982	Portland Police Bureau	Inactive	Police Officer
Engen, Matthew P.	29983	Portland Police Bureau	Active	Lieutenant
Crockett, William J.	29985	Portland Police Bureau	Inactive	Detective
Kammerer, Erik W.	29988	Portland Police Bureau	Active	Detective
Shearer, Jeffrey G.	29992	Portland Police Bureau	Active	Criminalist
Hudson, Stephanie D.	29993	Portland Police Bureau	Inactive	Police Officer
Waddell, Cheryl M.	29997	Portland Police Bureau	Active	Detective
Clinton, John W.	30255	Portland Police Bureau	Inactive	Sergeant
Wiechmann, Frederick J.	30431	Portland Police Bureau	Active	Police Officer
Lawrence, James E.	30434	Portland Police Bureau	Inactive	Detective
Prosser, Todd A.	30501	Portland Police Bureau	Active	Detective
Martinez, Kathleen L.	30535	Portland Police Bureau	Active	Police Officer
Quick, Robert R.	30665	Portland Police Bureau	Active	Lieutenant
Niiya, Jeffrey M.	30666	Portland Police Bureau	Inactive	Lieutenant
Hobbs, Scherise M.	30864	Portland Police Bureau	Inactive	Police Officer
Letter, Joshua M.	30867	Portland Police Bureau	Active	Police Officer
Dauchy, Aaron M.	30873	Portland Police Bureau	Active	Police Officer
Balzer, William R.	30874	Portland Police Bureau	Inactive	Police Officer
Bacigalupi, Clifford M., Jr.	30878	Portland Police Bureau	Inactive	Captain
Bates, Jay A., III	31070	Portland Police Bureau	Inactive	Commander
Robertson, Scott T.	31290	Portland Police Bureau	Active	Police Officer
Christopher, Andrew J.	31375	Portland Police Bureau	Active	Police Officer
Maul, John J.	31386	Portland Police Bureau	Active	Police Officer
Hansen, Robb C.	31459	Portland Police Bureau	Active	Lieutenant
Singh, Parik G.	31724	Portland Police Bureau	Active	Police Officer
Ladd, Joshua D.	31811	Portland Police Bureau	Active	Police Officer
Jamison, Matthew F.	31898	Portland Police Bureau	Inactive	Sergeant
Abrahamson, Susan D.	31943	Portland Police Bureau	Active	Police Officer
McGuire, Brendan P.	31951	Portland Police Bureau	Active	Detective
Hubbard, Brian D.	32024	Portland Police Bureau	Active	Detective
Stewart, Gregory J.	32025	Portland Police Bureau	Inactive	Lieutenant
Holbrook, Max J.	32026	Portland Police Bureau	Active	Sergeant
Christensen, Jason S.	32069	Portland Police Bureau	Inactive	Detective
Weber, Eric S.	32070	Portland Police Bureau	Active	Police Officer
Chamberlin, Tracy R.	32087	Portland Police Bureau	Active	Detective
McMurray, D. James	32106	Portland Police Bureau	Inactive	Sergeant
Holthausen, Richard J.	32146	Portland Police Bureau	Active	Police Officer
Tsukimura, Lance H.	32308	Portland Police Bureau	Active	Criminalist
Hughes, Heather R.	32358	Portland Police Bureau	Active	Police Officer
Derry, Ryan W.	32366	Portland Police Bureau	Active	Police Officer
Darby, James P.	32384	Portland Police Bureau	Active	Sergeant
* MISSING	32391	""	""	""
Hern, Paul W.	32396	Portland Police Bureau	Inactive	Police Officer
Klundt, Karl J.	32398	Portland Police Bureau	Active	Police Officer
Blair, John C.	32401	Portland Police Bureau	Inactive	Police Officer
Weldon, Carl T.	32413	Portland Police Bureau	Active	Sergeant
Boman, Alan M.	32438	Portland Police Bureau	Active	Police Officer
Pontius, Jeffery D.	32530	Portland Police Bureau	Active	Detective
Livingston, Don K., III	32588	Portland Police Bureau	Active	Sergeant
Schell, Martin D.	32700	Portland Police Bureau	Active	Sergeant
Weseman, George W.	32718	Portland Police Bureau	Inactive	Police Officer
Phothivongsa, Ney	32938	Portland Police Bureau	Active	Police Officer
Steinbronn, Richard E.	32940	Portland Police Bureau	Inactive	Sergeant
Harris, Sean W.	32992	Portland Police Bureau	Active	Detective
Powell, Heather C.	33027	Portland Police Bureau	Active	Criminalist
Brennan, Thomas J.	33125	Portland Police Bureau	Active	Police Officer
Passadore, Anthony V.	33482	Portland Police Bureau	Active	Captain
Walters, Jason L.	33522	Portland Police Bureau	Active	Police Officer
Strawn, Michael A.	33523	Portland Police Bureau	Inactive	Police Officer
Honl, Michael G.	33525	Portland Police Bureau	Active	Police Officer
Gauger, Troy M.	33527	Portland Police Bureau	Active	Police Officer
Dalberg, Jon W.	33528	Portland Police Bureau	Inactive	Police Officer
Carroll, Julian L.	33550	Portland Police Bureau	Active	Sergeant
Schmerber, Michael A.	33711	Portland Police Bureau	Active	Detective
Enz, David H.	33849	Portland Police Bureau	Active	Police Officer
Hogan, Kevin T.	33878	Portland Police Bureau	Active	Sergeant
Cioeta, Jerry E.	33930	Portland Police Bureau	Active	Sergeant
Gilbert, Christopher J.	34017	Portland Police Bureau	Active	Police Officer
Becker, Jeffrey S.	34352	Portland Police Bureau	Active	Detective
Martin, Scott D.	34353	Portland Police Bureau	Inactive	Sergeant
Winters, William H.	34381	Portland Police Bureau	Active	Detective
Pahlke, Troy T.	34490	Portland Police Bureau	Active	Sergeant
Duilio, Kenneth	34491	Portland Police Bureau	Active	Lieutenant
Tobey, Matthew S.	34492	Portland Police Bureau	Active	Police Officer
Loomis, Heather B.	34493	Portland Police Bureau	Inactive	Police Officer
Dran, Arjay H.	34502	Portland Police Bureau	Active	Detective
Sharp, Jeffrey P.	34582	Portland Police Bureau	Active	Detective
Panter, Colby J.	34583	Portland Police Bureau	Active	Police Officer
Harris, Jason A.	34584	Portland Police Bureau	Active	Detective
Greaves, Wade P.	34586	Portland Police Bureau	Active	Criminalist
Hughes, Brian J.	34619	Portland Police Bureau	Active	Lieutenant
Foster, Robert S.	34671	Portland Police Bureau	Active	Police Officer
Coffey, Kristina M.	34672	Portland Police Bureau	Active	Detective
Lafrenz, Christopher J.	34673	Portland Police Bureau	Active	Police Officer
Lewton, Ryan S.	34674	Portland Police Bureau	Active	Police Officer
Maynard, Phillip J.	34675	Portland Police Bureau	Active	Police Officer
Pryce, Jimmy L.	34677	Portland Police Bureau	Active	Police Officer
Toops, Mary A.	34882	Portland Police Bureau	Active	Police Officer
Porath, Ryan D.	34916	Portland Police Bureau	Active	Police Officer
McIntyre, Bradley E.	35126	Portland Police Bureau	Active	Criminalist
Fulitano, John A.	35225	Portland Police Bureau	Inactive	Police Officer
Gradwahl, Chad E.	35226	Portland Police Bureau	Active	Police Officer
Merrill, Anthony J.	35227	Portland Police Bureau	Active	Detective
* MISSING	35319	""	""	""
Wolf, Jason M.	35396	Portland Police Bureau	Active	Sergeant
Caspar, Andrew H.	35444	Portland Police Bureau	Active	Police Officer
Macaulay, John A.	35563	Portland Police Bureau	Active	Police Officer
Dobson, Craig N.	35609	Portland Police Bureau	Active	Commander
Coffey, Ryan S.	35623	Portland Police Bureau	Active	Sergeant
McDaniel, Jeffrey J.	35716	Portland Police Bureau	Active	Sergeant
Stoner, Chad M.	35816	Portland Police Bureau	Active	Criminalist
Storm, Richard L.	35818	Portland Police Bureau	Active	Police Officer
Miller, Herbert P.	35819	Portland Police Bureau	Active	Police Officer
Brace, Christopher D.	35820	Portland Police Bureau	Active	Detective
Maul, Lara M.	36069	Portland Police Bureau	Active	Police Officer
Myers, Michael J.	36155	Portland Police Bureau	Active	Sergeant
Christensen, Todd E.	36157	Portland Police Bureau	Active	Detective
Hill, Anthony R.	36236	Portland Police Bureau	Active	Police Officer
Friedman, Mark D.	36237	Portland Police Bureau	Active	Sergeant
Hopper, Meredith L.	36239	Portland Police Bureau	Active	Detective
Jones, Michael K.	36240	Portland Police Bureau	Active	Detective
Bolles, Cristin P.	36265	Portland Police Bureau	Active	Police Officer
Traynor, Christopher M.	36266	Portland Police Bureau	Active	Detective
Goss, Ryan W.	36267	Portland Police Bureau	Active	Detective
Olmos, Miguel J.	36271	Portland Police Bureau	Active	Police Officer
Barber, Kristopher P.	36272	Portland Police Bureau	Active	Police Officer
Ables, Jerry D.	36303	Portland Police Bureau	Active	Police Officer
Brown, Robert E.	36496	Portland Police Bureau	Active	Sergeant
Davis, Christopher A.	36611	Portland Police Bureau	Inactive	Deputy Chief
Fox, Sara M.	36612	Portland Police Bureau	Active	Police Officer
Reagan, Ryan D.	36623	Portland Police Bureau	Active	Police Officer
Schleich, Alison L.	36817	Portland Police Bureau	Active	Criminalist
Hughes, Michele M.	36818	Portland Police Bureau	Active	Sergeant
Tobey, Nathan A.	36819	Portland Police Bureau	Active	Detective
Nakamura, Arthur J.	36820	Portland Police Bureau	Active	Commander
Kenagy, Christopher J.	36821	Portland Police Bureau	Active	Sergeant
Hollan, Angela E.	36825	Portland Police Bureau	Active	Detective
Quackenbush, James P.	36875	Portland Police Bureau	Inactive	Lieutenant
Whitcanack, Ryan J.	36879	Portland Police Bureau	Active	Police Officer
Sheldon, Spencer K.	36880	Portland Police Bureau	Active	Police Officer
Cui, Vincent A.	36881	Portland Police Bureau	Inactive	Detective
Beniga, Rico T.	36906	Portland Police Bureau	Active	Detective
Budry, Richard J.	37043	Portland Police Bureau	Active	Criminalist
Shadron, John P.	37126	Portland Police Bureau	Active	Police Officer
Sims, Brian J.	37128	Portland Police Bureau	Active	Detective
Baxter, Jennifer L.	37132	Portland Police Bureau	Active	Lieutenant
Engweiler, Ryan P.	37133	Portland Police Bureau	Active	Police Officer
Brown, Curtis L.	37135	Portland Police Bureau	Active	Police Officer
Daniels, Erik D.	37138	Portland Police Bureau	Active	Police Officer
Resch, Jami L.	37142	Portland Police Bureau	Active	Assistant Chief
Padilla, Martin A.	37143	Portland Police Bureau	Active	Sergeant
Nebling, Vance A.	37144	Portland Police Bureau	Active	Criminalist
Morinville, Steven M.	37145	Portland Police Bureau	Active	Detective
Macomber, Sean P.	37147	Portland Police Bureau	Active	Detective
Manus, Kathryne E.	37151	Portland Police Bureau	Active	Detective
Clifton, Brad E.	37152	Portland Police Bureau	Active	Detective
Jacquot, Steven R.	37153	Portland Police Bureau	Active	Police Officer
Goodrich, Joseph R.	37240	Portland Police Bureau	Active	Police Officer
Manzella, Timothy J.	37242	Portland Police Bureau	Active	Police Officer
Alexander, Gail D.	37248	Portland Police Bureau	Active	Police Officer
Reynolds, Kenneth J., III	37287	Portland Police Bureau	Active	Detective
Scott, Ross C.	37329	Portland Police Bureau	Active	Sergeant
Voeller, Nathan A.	37566	Portland Police Bureau	Active	Lieutenant
Taylor, Sarah L.	37607	Portland Police Bureau	Active	Sergeant
Ho, Quency G.	37608	Portland Police Bureau	Active	Police Officer
Dobbs, Sabrina R.	37618	Portland Police Bureau	Active	Police Officer
Liday, Kimberly A.	37629	Portland Police Bureau	Active	Police Officer
Sparling, Lacey A.	37631	Portland Police Bureau	Active	Lieutenant
Filbert, Michael D.	37632	Portland Police Bureau	Active	Sergeant
Sweeney, Lonn N.	37633	Portland Police Bureau	Active	Police Officer
Chapin, Travis M.	37638	Portland Police Bureau	Active	Police Officer
Koppang, Erik J.	37667	Portland Police Bureau	Active	Sergeant
Jones, Jason L.	37668	Portland Police Bureau	Active	Lieutenant
Schmidt, Kristen L.	37669	Portland Police Bureau	Active	Police Officer
Hull, Darke P.	37765	Portland Police Bureau	Active	Sergeant
Howery, Joshua C.	37867	Portland Police Bureau	Active	Police Officer
Zajac, Eric J.	37883	Portland Police Bureau	Active	Police Officer
Steiner, Chad D.	37932	Portland Police Bureau	Active	Police Officer
DeClercque, Bryan J.	37939	Portland Police Bureau	Active	Detective
Frankus, Nicholas P.	37943	Portland Police Bureau	Active	Sergeant
Bourasa, Stephan J.	38032	Portland Police Bureau	Active	Police Officer
Pagan, Carlos E., Jr.	38061	Portland Police Bureau	Active	Police Officer
Close, Michael A., Jr.	38094	Portland Police Bureau	Active	Police Officer
Davidson, Benjamin J.	38108	Portland Police Bureau	Active	Police Officer
Carmon, Derek L.	38197	Portland Police Bureau	Active	Police Officer
Miller, Robert D.	38512	Portland Police Bureau	Active	Police Officer
Strohmeyer, Erik D.	38637	Portland Police Bureau	Active	Sergeant
Graf, Jason A.	38791	Portland Police Bureau	Active	Police Officer
Feist, Andrew D.	38844	Portland Police Bureau	Active	Police Officer
Morgan, Craig S.	38846	Portland Police Bureau	Active	Lieutenant
Lile, Jason C.	38941	Portland Police Bureau	Inactive	Sergeant
Gjovik, Christopher N.	38946	Portland Police Bureau	Active	Captain
McGuire, Jeffrey D.	38994	Portland Police Bureau	Active	Police Officer
Pak, Curtis C.	38995	Portland Police Bureau	Active	Sergeant
Bell, Jeffrey M.	38996	Portland Police Bureau	Active	Commander
Leasure, Michael C.	38997	Portland Police Bureau	Active	Assistant Chief
Hall, Thomas K.	39009	Portland Police Bureau	Inactive	Police Officer
Wollstein, Harold N.	39011	Portland Police Bureau	Active	Detective
Rasmussen, David S.	39279	Portland Police Bureau	Active	Police Officer
Hertzler, Gabri B.	39513	Portland Police Bureau	Active	Police Officer
Abrahamson, David A.	39564	Portland Police Bureau	Active	Captain
Kemple, David F.	39589	Portland Police Bureau	Active	Police Officer
Hunzeker, Brian D.	39600	Portland Police Bureau	Inactive	Police Officer
Stroh, Delton K.	39607	Portland Police Bureau	Active	Police Officer
Myers, Jeffrey R.	39608	Portland Police Bureau	Inactive	Detective
Nagy, Patrick J.	39612	Portland Police Bureau	Active	Police Officer
Truong, Robby T.	39642	Portland Police Bureau	Active	Police Officer
Christensen, Brent W.	39643	Portland Police Bureau	Active	Detective
Devlin, Chris L.	39644	Portland Police Bureau	Active	Police Officer
Hunt, Jonathan N.	39646	Portland Police Bureau	Active	Detective
Wiley, Laura J.	39651	Portland Police Bureau	Active	Sergeant
Cox, Michael B.	39653	Portland Police Bureau	Active	Police Officer
Harris, Leo J.	39655	Portland Police Bureau	Active	Police Officer
Hawkinson, Brett S.	39657	Portland Police Bureau	Active	Detective
Hilsenteger, Ryan A.	39660	Portland Police Bureau	Active	Police Officer
Labasan, Benjamin A.	39828	Portland Police Bureau	Active	Police Officer
Gervais, Craig P.	39875	Portland Police Bureau	Active	Police Officer
Sweeney, Brian	39876	Portland Police Bureau	Active	Sergeant
Eugenio, Anthony M.	39877	Portland Police Bureau	Active	Police Officer
Kula, Bradley J.	39879	Portland Police Bureau	Active	Sergeant
McKinlay, Jerami E.	39934	Portland Police Bureau	Active	Sergeant
Valdez, Robert P.	40188	Portland Police Bureau	Active	Police Officer
Broughton, Scott P.	40218	Portland Police Bureau	Active	Detective
Burkeen, Meghan H.	40396	Portland Police Bureau	Active	Detective
Gandy, Stephen W.	40398	Portland Police Bureau	Active	Detective
Mirau, Stephen L.	40399	Portland Police Bureau	Active	Sergeant
Michaels, Michele R.	40400	Portland Police Bureau	Active	Detective
Ring, Daniel L.	40401	Portland Police Bureau	Active	Police Officer
Johnson, Edward L.	40420	Portland Police Bureau	Active	Police Officer
Kile, Davis W.	40572	Portland Police Bureau	Active	Sergeant
Zanetti, Anthony R.	40588	Portland Police Bureau	Active	Police Officer
Dow, Garrett E.	40590	Portland Police Bureau	Active	Police Officer
Fields, Travis W.	40613	Portland Police Bureau	Inactive	Detective
Cavalli, Anthony P.	40614	Portland Police Bureau	Active	Detective
McCollister, Scott R.	40709	Portland Police Bureau	Active	Police Officer
Musser, Jennifer M.	40710	Portland Police Bureau	Active	Detective
Kulp, Christopher B.	40730	Portland Police Bureau	Active	Police Officer
Wolf, Kevin J.	40799	Portland Police Bureau	Active	Sergeant
Akom, Marshall K.	40835	Portland Police Bureau	Active	Police Officer
Clary, Justin L.	40926	Portland Police Bureau	Active	Police Officer
Frashour, Ronald G., III	40927	Portland Police Bureau	Active	Police Officer
Kofoed, Andrew R.	40928	Portland Police Bureau	Active	Sergeant
Manus, Matthew Q.	40929	Portland Police Bureau	Active	Police Officer
Maxey, Brent S.	40930	Portland Police Bureau	Active	Sergeant
McMillan, Amanda F.	40931	Portland Police Bureau	Active	Lieutenant
Russell, Alicia L.	40932	Portland Police Bureau	Active	Sergeant
Searle, Robert A., Jr.	40949	Portland Police Bureau	Active	Sergeant
Dinnel, Eric R.	40987	Portland Police Bureau	Active	Police Officer
Bocchino, Joshua J.	41047	Portland Police Bureau	Active	Police Officer
Price, Jeremy D.	41048	Portland Police Bureau	Inactive	Lieutenant
Sahli, Shaun M.	41051	Portland Police Bureau	Active	Detective
Nett, James C.	41052	Portland Police Bureau	Active	Sergeant
Scott, Nathan G.	41137	Portland Police Bureau	Active	Police Officer
Faris, Joshua J.	41138	Portland Police Bureau	Active	Police Officer
Lowry, Timothy J.	41142	Portland Police Bureau	Active	Police Officer
Ocasio, Angel D.	41146	Portland Police Bureau	Inactive	Police Officer
Koenig, Jason M.	41301	Portland Police Bureau	Active	Detective
Ismail, Hythum A.	41302	Portland Police Bureau	Active	Sergeant
McDaniel, Eric B.	41372	Portland Police Bureau	Active	Detective
Zentner, Davonne R.	41483	Portland Police Bureau	Active	Police Officer
Sickon, Bridget M.	41497	Portland Police Bureau	Active	Police Officer
Hays, Harold F., Jr.	41498	Portland Police Bureau	Active	Lieutenant
Helwig, Heidi J.	41499	Portland Police Bureau	Active	Detective
Scott, Hilary J.	41513	Portland Police Bureau	Active	Detective
Zoeller, Anthony J.	41636	Portland Police Bureau	Active	Detective
Bledsoe, Michael T., Jr.	41701	Portland Police Bureau	Active	Detective
Lovell, Charles, III	41706	Portland Police Bureau	Active	Chief
Boylan, John R.	41756	Portland Police Bureau	Active	Detective
Wiest, Trent D.	41757	Portland Police Bureau	Active	Police Officer
Simon, Robert J.	41758	Portland Police Bureau	Active	Captain
Jones, Kristina M.	41759	Portland Police Bureau	Active	Commander
Forland, Steven J.	41761	Portland Police Bureau	Active	Detective
Helzer, Peter D.	41782	Portland Police Bureau	Active	Lieutenant
Corona, Joseph R.	41783	Portland Police Bureau	Active	Detective
Dickinson, Douglas J.	41829	Portland Police Bureau	Active	Detective
Schoening, Franz J.	41832	Portland Police Bureau	Active	Lieutenant
Snitily, Thomas A.	42016	Portland Police Bureau	Active	Police Officer
Cass, Christopher L.	42307	Portland Police Bureau	Active	Police Officer
Hensey, Jason R.	42309	Portland Police Bureau	Active	Police Officer
Hastings, Michael R.	42381	Portland Police Bureau	Active	Police Officer
Zaitz, Jordan S.	42391	Portland Police Bureau	Active	Police Officer
Romanowski, Daniel J.	42427	Portland Police Bureau	Active	Police Officer
Brown, Robert C.	42549	Portland Police Bureau	Active	Police Officer
Burn, Gregory D.	42554	Portland Police Bureau	Active	Police Officer
Moore, Nathan A.	42576	Portland Police Bureau	Active	Detective
Albertson, Ryan R.	42625	Portland Police Bureau	Active	Police Officer
Pelster, Brian S.	42631	Portland Police Bureau	Active	Police Officer
Wullbrandt, Rob M.	42649	Portland Police Bureau	Active	Police Officer
Law, Travis W.	42652	Portland Police Bureau	Active	Detective
Hutchison, Carrie L.	42653	Portland Police Bureau	Active	Police Officer
Sharp, Steven M.	42660	Portland Police Bureau	Active	Sergeant
Lindsey, Christopher S.	42661	Portland Police Bureau	Active	Lieutenant
Wells, Matthew J.	42663	Portland Police Bureau	Active	Police Officer
Newby, Nicholas R.	42989	Portland Police Bureau	Active	Sergeant
Stensgaard, Chadd D.	43480	Portland Police Bureau	Active	Sergeant
Chapman, Michael A.	43481	Portland Police Bureau	Active	Sergeant
Foxworth, Derrick L., Jr.	43483	Portland Police Bureau	Active	Lieutenant
Butcher, Jennifer L.	43484	Portland Police Bureau	Active	Sergeant
Polas, Andy G.	43489	Portland Police Bureau	Active	Police Officer
Petrov, Christopher D.	43491	Portland Police Bureau	Active	Police Officer
Clark, Sara B.	43492	Portland Police Bureau	Active	Detective
Foote, Ryan J.	43493	Portland Police Bureau	Active	Detective
Jensen, Jacob V.	43494	Portland Police Bureau	Active	Lieutenant
Kraner, Joshua M.	43496	Portland Police Bureau	Active	Sergeant
Berg, Walker R.	43499	Portland Police Bureau	Active	Criminalist
Clark, Jacob R.	43501	Portland Police Bureau	Active	Lieutenant
Engstrom, Ty D.	43502	Portland Police Bureau	Active	Sergeant
Sharpe, Joseph H.	43527	Portland Police Bureau	Active	Police Officer
Staples, Norman A.	43528	Portland Police Bureau	Active	Lieutenant
Greulich, Caroline E.	43618	Portland Police Bureau	Active	Detective
Oliphant, John W.	43732	Portland Police Bureau	Active	Sergeant
Burton, Bret A.	43860	Portland Police Bureau	Active	Sergeant
Butcher, Kristine M.	43866	Portland Police Bureau	Active	Sergeant
Nguyen, Cuong D.	43867	Portland Police Bureau	Active	Police Officer
Wesson-Mitchell, Deanna L.	43868	Portland Police Bureau	Active	Police Officer
Hertzler, Jennifer L.	43872	Portland Police Bureau	Active	Detective
Stevens, Michael C.	43873	Portland Police Bureau	Active	Police Officer
Miller, Huntley J.	43999	Portland Police Bureau	Active	Police Officer
Wuthrich, Steven M.	44055	Portland Police Bureau	Active	Sergeant
Richardson, Jonathan E.	44124	Portland Police Bureau	Active	Detective
Billard, John P.	44160	Portland Police Bureau	Active	Sergeant
Murphy, Patrick M.	44162	Portland Police Bureau	Active	Police Officer
Tackett, Todd A.	44164	Portland Police Bureau	Active	Sergeant
Young, John S.	44217	Portland Police Bureau	Active	Police Officer
DeFrain, James P.	44436	Portland Police Bureau	Active	Sergeant
Fleming, James D.	44437	Portland Police Bureau	Active	Police Officer
Kenney, Zachary J.	44439	Portland Police Bureau	Active	Police Officer
Orellana, Mitchell J.	44440	Portland Police Bureau	Active	Detective
Schmautz, Aaron M.	44627	Portland Police Bureau	Active	Sergeant
Webber, Joseph F.	44629	Portland Police Bureau	Active	Police Officer
Worthington, Jason A.	44630	Portland Police Bureau	Active	Police Officer
Bruner-Dehnert, Amy L.	44735	Portland Police Bureau	Active	Police Officer
Stowe, Randy D.	44844	Portland Police Bureau	Active	Police Officer
Allen, Kevin W.	45001	Portland Police Bureau	Active	Sergeant
Ciri, Jeffrey T.	45002	Portland Police Bureau	Active	Police Officer
Hughes, John K.	45063	Portland Police Bureau	Active	Police Officer
Bren, Ryan J.	45124	Portland Police Bureau	Active	Sergeant
Hubbard, Kimberly M.	45126	Portland Police Bureau	Active	Sergeant
Sorenson, Monica D.	45180	Portland Police Bureau	Active	Police Officer
McAllister, Matthew A.	45405	Portland Police Bureau	Active	Police Officer
Sparling, Aaron A.	45515	Portland Police Bureau	Active	Police Officer
Stenzel, Cory W.	45663	Portland Police Bureau	Active	Detective
Billard, Susan L.	45665	Portland Police Bureau	Active	Sergeant
Hamm, Wendi L.	45681	Portland Police Bureau	Active	Detective
Watts, Nola	45768	Portland Police Bureau	Active	Police Officer
Dunbar, William M.	45769	Portland Police Bureau	Active	Police Officer
Edner, Zachary L.	45770	Portland Police Bureau	Active	Police Officer
Dormady, Ross H.	45813	Portland Police Bureau	Inactive	Detective
Farrar, Sterling R.	45895	Portland Police Bureau	Active	Police Officer
Pierce, Jennifer L.	45896	Portland Police Bureau	Active	Detective
Nutting, Bradley J.	45920	Portland Police Bureau	Active	Sergeant
Ellis, Mark R.	45974	Portland Police Bureau	Active	Police Officer
Burley, Christopher H.	45975	Portland Police Bureau	Active	Lieutenant
Tully, Kevin F.	45976	Portland Police Bureau	Active	Police Officer
Andersen, Craig L.	46055	Portland Police Bureau	Active	Sergeant
Jakubauskas, Gedemynas J.	46056	Portland Police Bureau	Active	Criminalist
Asheim, Charles B.	46067	Portland Police Bureau	Active	Detective
Jett, Bradley J.	46121	Portland Police Bureau	Active	Police Officer
Snodgrass, Clinton D.	46160	Portland Police Bureau	Active	Police Officer
Hauskins, Randy A.	46183	Portland Police Bureau	Inactive	Police Officer
Addicks, Christoph	46310	Portland Police Bureau	Active	Police Officer
Garrison, Ty K.	46311	Portland Police Bureau	Active	Police Officer
Cole, Aaron L.	46360	Portland Police Bureau	Active	Detective
Curtiss, Royce G.	46427	Portland Police Bureau	Active	Police Officer
Mawdsley, Patrick S.	46428	Portland Police Bureau	Active	Sergeant
Clark, Bradley N.	46430	Portland Police Bureau	Active	Police Officer
Mendoza, Jorge R.	46431	Portland Police Bureau	Active	Police Officer
Walsh, Roger M.	46434	Portland Police Bureau	Active	Police Officer
Piombo, Mark M.	46529	Portland Police Bureau	Active	Police Officer
Sheppard, Nathan A.	46619	Portland Police Bureau	Active	Lieutenant
Williams, DeShawn D.	46620	Portland Police Bureau	Active	Police Officer
Sawtelle, Troy M.	46621	Portland Police Bureau	Inactive	Police Officer
Kizzar, Jonathan D.	46622	Portland Police Bureau	Active	Police Officer
Romero, John M.	46623	Portland Police Bureau	Active	Sergeant
Miller, Randi K.	46625	Portland Police Bureau	Active	Police Officer
Kennedy, Nicole K.	46938	Portland Police Bureau	Active	Police Officer
Haunsperger, Natasha B.	46939	Portland Police Bureau	Active	Police Officer
Wilbon, Steven D.	46941	Portland Police Bureau	Active	Sergeant
Burns, Justin L.	47103	Portland Police Bureau	Active	Police Officer
McDonald, Christopher M.	47104	Portland Police Bureau	Active	Police Officer
Willard, Tyrone D.	47105	Portland Police Bureau	Active	Sergeant
Tobey, Matthew A.	47109	Portland Police Bureau	Active	Police Officer
Bryant, David J.	47224	Portland Police Bureau	Active	Police Officer
Wells, Cassandra M.	47315	Portland Police Bureau	Active	Police Officer
Schull, Wayne D.	47433	Portland Police Bureau	Active	Police Officer
Goldring, Calvin L.	47562	Portland Police Bureau	Active	Detective
Tuma, Christina J.	47651	Portland Police Bureau	Active	Sergeant
Harris, Derek A.	47653	Portland Police Bureau	Active	Police Officer
Weinberger, Benson W.	47656	Portland Police Bureau	Active	Sergeant
Sutton, Jasmine M.	47682	Portland Police Bureau	Active	Sergeant
Boak, Ramsey M.	47684	Portland Police Bureau	Active	Police Officer
Hettman, Casey A.	47718	Portland Police Bureau	Active	Lieutenant
Sanders, David P.	47719	Portland Police Bureau	Inactive	Police Officer
Mills, Jason E.	47777	Portland Police Bureau	Active	Police Officer
Anderson, Jeremy W.	47781	Portland Police Bureau	Active	Police Officer
Jackson, David	47782	Portland Police Bureau	Active	Sergeant
Buller, Joshua E.	47824	Portland Police Bureau	Active	Police Officer
Doran, Gary R.	47826	Portland Police Bureau	Inactive	Police Officer
Schroeder, Matthew J.	47848	Portland Police Bureau	Active	Police Officer
Fox, Kenneth S.	47852	Portland Police Bureau	Active	Police Officer
Roberts, Michael D.	47891	Portland Police Bureau	Active	Sergeant
Dunbar, Robin L.	47968	Portland Police Bureau	Active	Sergeant
Sparks, Joshua L.	48052	Portland Police Bureau	Active	Police Officer
Yakots, Stephen B.	48158	Portland Police Bureau	Active	Sergeant
Kerwin, Sarah A.	48163	Portland Police Bureau	Active	Sergeant
Engstrom, Timothy G.	48254	Portland Police Bureau	Active	Police Officer
Thurman, Justin A.	48255	Portland Police Bureau	Active	Police Officer
Thurman, Tequila C.	48256	Portland Police Bureau	Active	Police Officer
Domka, Zachary P.	48347	Portland Police Bureau	Inactive	Police Officer
Byrd, McCageor A.	48348	Portland Police Bureau	Active	Police Officer
Jackson, Freddie J.	48392	Portland Police Bureau	Active	Sergeant
Straub, Jason	48469	Portland Police Bureau	Active	Police Officer
Kays, Angela M.	48472	Portland Police Bureau	Active	Police Officer
Browning, David S.	48554	Portland Police Bureau	Active	Police Officer
Espana, Ryan L.	48728	Portland Police Bureau	Active	Police Officer
Greulich, Charles F.	48742	Portland Police Bureau	Active	Sergeant
Carlson, Allison J.	48743	Portland Police Bureau	Active	Police Officer
McFarland, Sean M.	48914	Portland Police Bureau	Active	Police Officer
McCarthy, David R.	49067	Portland Police Bureau	Inactive	Police Officer
Johnson, Patrick R.	49069	Portland Police Bureau	Active	Police Officer
Barnard, Daniel F.	49119	Portland Police Bureau	Active	Sergeant
Williamson, Jennifer C.	49389	Portland Police Bureau	Active	Police Officer
Cox, Joseph M.	49395	Portland Police Bureau	Active	Detective
Becker, Jamin A.	49504	Portland Police Bureau	Active	Criminalist
Kemmer, William J.	49537	Portland Police Bureau	Active	Police Officer
Lovato, Dominic	49571	Portland Police Bureau	Active	Police Officer
Britt, Garry A.	49588	Portland Police Bureau	Active	Sergeant
Holsti, Israel E.	49650	Portland Police Bureau	Active	Police Officer
Crooker, James W.	49709	Portland Police Bureau	Active	Captain
Hansen, Michael J.	49732	Portland Police Bureau	Active	Police Officer
Harris, Todd W.	49823	Portland Police Bureau	Active	Police Officer
Parker, Neil A., II	49837	Portland Police Bureau	Active	Police Officer
Ockunzzi, Joel M.	49841	Portland Police Bureau	Active	Sergeant
Brainard, Jessica K.	49847	Portland Police Bureau	Active	Police Officer
Townley, James M.	49848	Portland Police Bureau	Active	Sergeant
Vergara, Michele R.	49920	Portland Police Bureau	Active	Police Officer
Parry, Louis D.	49957	Portland Police Bureau	Active	Police Officer
Spiegel, Daniel A.	49997	Portland Police Bureau	Active	Sergeant
Tyler, Trevor J.	50003	Portland Police Bureau	Active	Sergeant
Storm, Julie M.	50050	Portland Police Bureau	Active	Police Officer
McGuffey, C. David	50079	Portland Police Bureau	Active	Sergeant
Wuthrich, Samantha K.	50089	Portland Police Bureau	Active	Police Officer
Jackson, Kenneth E., II	50090	Portland Police Bureau	Active	Police Officer
Green, Kyle L.	50157	Portland Police Bureau	Active	Police Officer
Sokoloff, David P.	50180	Portland Police Bureau	Active	Police Officer
Leonard, Daniel J.	50211	Portland Police Bureau	Active	Police Officer
Cox, Brandon K.	50231	Portland Police Bureau	Active	Police Officer
Mele, Ryan M.	50232	Portland Police Bureau	Active	Police Officer
Holwege, Aaron M.	50429	Portland Police Bureau	Active	Police Officer
Coussens, Mitchell J.	50465	Portland Police Bureau	Inactive	Police Officer
Hughes, David N.	50499	Portland Police Bureau	Active	Police Officer
Gryphon, Christopher L.	50500	Portland Police Bureau	Active	Detective
DiMatteo, Daniel A.	50527	Portland Police Bureau	Active	Police Officer
Bianchini, Nicholas M.	50575	Portland Police Bureau	Active	Police Officer
Elam, Charles C.	50594	Portland Police Bureau	Active	Sergeant
Ajir, Samson M.	50621	Portland Police Bureau	Inactive	Sergeant
Greenlee, Michael J.	50623	Portland Police Bureau	Active	Detective
Powell, Brian W.	50651	Portland Police Bureau	Active	Police Officer
Arnold, David R.	50652	Portland Police Bureau	Active	Police Officer
Smith, Grant E.	50653	Portland Police Bureau	Active	Sergeant
Matica, Adrian F.	50672	Portland Police Bureau	Active	Sergeant
Ceaser, Madison C., Jr.	50696	Portland Police Bureau	Active	Sergeant
Clark, Thomas M.	50706	Portland Police Bureau	Active	Police Officer
Newhard, Melissa J.	50724	Portland Police Bureau	Inactive	Police Officer
Payton, Sarah J.	50738	Portland Police Bureau	Active	Police Officer
Fender, Kameron J.	50793	Portland Police Bureau	Active	Police Officer
Boyd, Matthew A.	50812	Portland Police Bureau	Active	Police Officer
Silverman, Joshua E.	50814	Portland Police Bureau	Active	Sergeant
Quinsland, Alexander P.	50817	Portland Police Bureau	Active	Police Officer
Sapper, John L.	50821	Portland Police Bureau	Inactive	Sergeant
Kamphuis, Kendall D.	50822	Portland Police Bureau	Active	Police Officer
Hefley, Kyle C.	50837	Portland Police Bureau	Active	Sergeant
Bigoni, Matthew R.	50904	Portland Police Bureau	Inactive	Police Officer
Jacobsen, Matthew B.	50933	Portland Police Bureau	Active	Sergeant
Huspek, Matthew S.	50974	Portland Police Bureau	Inactive	Police Officer
Hearst, Andrew L.	50996	Portland Police Bureau	Active	Police Officer
Stoffel, Thomas B., Jr.	51020	Portland Police Bureau	Active	Criminalist
Ramic, Adi	51049	Portland Police Bureau	Active	Police Officer
Flippo, Zachary R.	51054	Portland Police Bureau	Active	Police Officer
Lehman, Craig F.	51073	Portland Police Bureau	Active	Police Officer
Shelton, Hayley A.	51155	Portland Police Bureau	Active	Police Officer
Barth, Dustin L.	51204	Portland Police Bureau	Active	Police Officer
Bryson, Chase N.	51225	Portland Police Bureau	Active	Police Officer
Winter, Justin M.	51228	Portland Police Bureau	Active	Police Officer
Hoerauf, Timothy N.	51230	Portland Police Bureau	Active	Police Officer
Budey, Grigoriy I.	51248	Portland Police Bureau	Active	Police Officer
Taylor, Brent M.	51250	Portland Police Bureau	Active	Police Officer
Harrison, Jimmy L., Jr.	51269	Portland Police Bureau	Active	Police Officer
Jackson, Jakhary J.	51727	Portland Police Bureau	Inactive	Police Officer
Samora, Shaye L.	51733	Portland Police Bureau	Active	Detective
Perry, Spencer K.	51736	Portland Police Bureau	Active	Police Officer
Hornstein, Betsy L.	51737	Portland Police Bureau	Active	Police Officer
Nell, Zachary D.	51782	Portland Police Bureau	Active	Police Officer
Marshall, Thomas A.	51787	Portland Police Bureau	Active	Police Officer
Moore, Gregory M.	51791	Portland Police Bureau	Active	Sergeant
Pavon, Lino	51792	Portland Police Bureau	Active	Police Officer
Browning, Bradley W.	51793	Portland Police Bureau	Active	Police Officer
Haase, Brandon D.	51795	Portland Police Bureau	Active	Police Officer
Damerville, Justin D.	51797	Portland Police Bureau	Active	Sergeant
Jenson, Andrew S.	51804	Portland Police Bureau	Active	Sergeant
Martley, Heather L.	51830	Portland Police Bureau	Active	Police Officer
Winkel, Jordan B.	51850	Portland Police Bureau	Active	Police Officer
Simmons, Nathan C.	51897	Portland Police Bureau	Inactive	Police Officer
Speer, Adam M.	51964	Portland Police Bureau	Active	Sergeant
Congdon, William J.	51967	Portland Police Bureau	Active	Police Officer
Konczal, Scott W.	52013	Portland Police Bureau	Active	Sergeant
Hall, Michael R.	52025	Portland Police Bureau	Active	Police Officer
Klauzer, Leland T.	52113	Portland Police Bureau	Inactive	Sergeant
Sherwood, Michael B.	52117	Portland Police Bureau	Active	Police Officer
Ortiz, Joana	52120	Portland Police Bureau	Active	Sergeant
Honl, Caleb M.	52153	Portland Police Bureau	Active	Police Officer
Green, William D.	52227	Portland Police Bureau	Active	Police Officer
Harding, David N.	52228	Portland Police Bureau	Active	Police Officer
Larsen, Timothy B.	52250	Portland Police Bureau	Active	Police Officer
Burns, Derald S.	52316	Portland Police Bureau	Active	Police Officer
Duong, Quyen L.	52318	Portland Police Bureau	Active	Sergeant
Westerlund, London A.	52338	Portland Police Bureau	Active	Sergeant
Sandler, Rachel V.	52342	Portland Police Bureau	Active	Detective
Youngberg, Amy M.	52345	Portland Police Bureau	Active	Police Officer
Robert, Onest	52367	Portland Police Bureau	Active	Sergeant
Baer, David M.	52378	Portland Police Bureau	Active	Police Officer
Martiniuc, Alexandru I.	52442	Portland Police Bureau	Active	Police Officer
Ibarra, Carlos A.	52458	Portland Police Bureau	Active	Police Officer
Brown, Ryan M.	52668	Portland Police Bureau	Active	Police Officer
Arnaut, David, Jr.	52670	Portland Police Bureau	Active	Police Officer
Ferguson, Timothy R.	52673	Portland Police Bureau	Active	Police Officer
Madison, Dewey J.	52674	Portland Police Bureau	Active	Police Officer
Hristov, Nikolay S.	52675	Portland Police Bureau	Active	Police Officer
Saunders, Rashida S.	52676	Portland Police Bureau	Active	Police Officer
Lloyd, Bryan E.	52678	Portland Police Bureau	Active	Sergeant
McKay, RaeLynn D.	52686	Portland Police Bureau	Active	Detective
Huntinghouse, Kenneth H.	52689	Portland Police Bureau	Active	Sergeant
Wands, Jason T.	52690	Portland Police Bureau	Active	Police Officer
Miller, Nicole J.	52693	Portland Police Bureau	Active	Police Officer
Anderson, Bryan J.	52713	Portland Police Bureau	Active	Police Officer
Bonczijk, Laurent L.	52761	Portland Police Bureau	Active	Detective
Russau, Joseph R.	52771	Portland Police Bureau	Active	Police Officer
Marcum, Kyffin M.	52778	Portland Police Bureau	Active	Detective
Haagenson, Jeffrey M.	52779	Portland Police Bureau	Active	Police Officer
Raphael, Justin M.	52780	Portland Police Bureau	Active	Police Officer
Hansen, Matthew J.	52786	Portland Police Bureau	Active	Police Officer
Brooks, David M.	52787	Portland Police Bureau	Active	Police Officer
Jimenez, Jose J.	52792	Portland Police Bureau	Active	Police Officer
Lemke, Jena L.	52801	Portland Police Bureau	Active	Police Officer
Hallington, Chase R.	52803	Portland Police Bureau	Active	Police Officer
Marrs, Colby C.	52826	Portland Police Bureau	Active	Police Officer
Brown, Matthew W.	52831	Portland Police Bureau	Active	Detective
Paolini, Timothy L.	52833	Portland Police Bureau	Active	Police Officer
McLeod, Casey M.	52835	Portland Police Bureau	Active	Police Officer
Kerridge, Rehanna J.	52977	Portland Police Bureau	Active	Police Officer
Delong, Zachary S.	52979	Portland Police Bureau	Active	Detective
Ellison, Mark A.	52981	Portland Police Bureau	Active	Police Officer
Amos, DeAndre D.	52982	Portland Police Bureau	Active	Sergeant
Warren, Lia S.	53098	Portland Police Bureau	Active	Police Officer
Bernard, Joseph M.	53468	Portland Police Bureau	Active	Police Officer
Hristova, Heidi S.	53470	Portland Police Bureau	Active	Police Officer
Paisley, Brianne N.	53471	Portland Police Bureau	Inactive	Police Officer
Swalko, Kristopher D.	53589	Portland Police Bureau	Inactive	Police Officer
Dery, Joshua O.	53614	Portland Police Bureau	Active	Police Officer
Robinson, Grover, Jr.	53905	Portland Police Bureau	Active	Sergeant
Hill, Israel Q.	53907	Portland Police Bureau	Active	Sergeant
Mahn, Kevin R.	54041	Portland Police Bureau	Active	Police Officer
Bieker, Justin P.	54042	Portland Police Bureau	Inactive	Police Officer
Duarte, Mark Y.	54091	Portland Police Bureau	Inactive	Police Officer
Streed, Torrey R.	54282	Portland Police Bureau	Active	Detective
Gilbertson, David A., Jr.	54334	Portland Police Bureau	Active	Police Officer
Flores-Chambers, Seth E.	54378	Portland Police Bureau	Active	Sergeant
Walz, Allison C.	54454	Portland Police Bureau	Active	Police Officer
Kowall, Curtis D.	54459	Portland Police Bureau	Inactive	Police Officer
Morgan, Kristin M.	54711	Portland Police Bureau	Active	Police Officer
Lauritzon, Dustin J.	54740	Portland Police Bureau	Active	Police Officer
Ianos, Jonathan V.	54874	Portland Police Bureau	Active	Police Officer
O'Dea, Lawrence P., IV	54887	Portland Police Bureau	Active	Police Officer
Gillingham, Nicholaas S.	54919	Portland Police Bureau	Inactive	Police Officer
Kuykendoll, Randy L., Jr.	55060	Portland Police Bureau	Active	Police Officer
Ibrahim, Khalid N.	55066	Portland Police Bureau	Active	Police Officer
Braun, Peter O.	55152	Portland Police Bureau	Active	Police Officer
Oldham, Jackson K.	55188	Portland Police Bureau	Active	Police Officer
Abramson, Michael J.	55198	Portland Police Bureau	Active	Police Officer
Nguepdjo, Thierry R.	55237	Portland Police Bureau	Active	Police Officer
Rethmeier, Taylor D.	55243	Portland Police Bureau	Inactive	Police Officer
Wheeler, Sydne A.	55316	Portland Police Bureau	Active	Police Officer
Trummer, Daniel Y.	55317	Portland Police Bureau	Active	Police Officer
Budworth, Corey A.	55392	Portland Police Bureau	Active	Police Officer
Bailey, Richard D.	55393	Portland Police Bureau	Active	Police Officer
Potter, Ryan A.	55447	Portland Police Bureau	Active	Police Officer
Jones, Nathaniel P.	55553	Portland Police Bureau	Active	Police Officer
Buxman, Ian M.	55591	Portland Police Bureau	Active	Police Officer
Nyone, Joshua B.	55652	Portland Police Bureau	Active	Police Officer
Chaco, Brian D.	55660	Portland Police Bureau	Active	Police Officer
Dragomir, Sebastian	55750	Portland Police Bureau	Active	Police Officer
Namba, Thomas M.	55828	Portland Police Bureau	Active	Police Officer
Wingfield, Seth C.	55940	Portland Police Bureau	Active	Police Officer
Emmons, Brett W.	56132	Portland Police Bureau	Active	Police Officer
Whitmore, Anthony J.	56159	Portland Police Bureau	Active	Police Officer
Ivarsson, Emmy M.	56217	Portland Police Bureau	Active	Police Officer
Trapp, Todd D.	56260	Portland Police Bureau	Inactive	Police Officer
Brostean, Lucas W.	56548	Portland Police Bureau	Active	Police Officer
Moussallem, Robert T.	56549	Portland Police Bureau	Inactive	Police Officer
Ross, Alexandra S.	56566	Portland Police Bureau	Active	Police Officer
Costanzo, Mychal G.	56593	Portland Police Bureau	Active	Police Officer
Chow, Zachary K.	56627	Portland Police Bureau	Active	Police Officer
Yoo, Joey G.	56628	Portland Police Bureau	Active	Police Officer
Kirby-Glatkowski, Nathan L.	56629	Portland Police Bureau	Active	Police Officer
Rizzo, Aaron T.	56653	Portland Police Bureau	Active	Police Officer
Middleton, Trevor M.	56655	Portland Police Bureau	Inactive	Police Officer
Holmgren, Michael K.	56694	Portland Police Bureau	Active	Police Officer
Bartlett, John H.	56711	Portland Police Bureau	Active	Police Officer
Giles, Timothy R.	56758	Portland Police Bureau	Active	Police Officer
Ramsey, Jake M.	56803	Portland Police Bureau	Active	Police Officer
Masunari, Matthew K.	56874	Portland Police Bureau	Active	Police Officer
Abby, Jared R.	56909	Portland Police Bureau	Active	Police Officer
Scott, Sean D.	56911	Portland Police Bureau	Active	Police Officer
Hemmerlein, Garrett J.	56923	Portland Police Bureau	Active	Police Officer
Braun, Andrew F.	56961	Portland Police Bureau	Active	Police Officer
Caler, Joseph D.	56963	Portland Police Bureau	Active	Police Officer
Green-Mitchell, Laurel A.	56964	Portland Police Bureau	Active	Police Officer
Miller, Jeremiah D.	56974	Portland Police Bureau	Active	Police Officer
Vosu, Consider E.	56975	Portland Police Bureau	Active	Police Officer
Goettsch, David A.	57047	Portland Police Bureau	Active	Police Officer
Gill, Charles S.	57050	Portland Police Bureau	Active	Police Officer
Cronkhite, Corey J.	57090	Portland Police Bureau	Inactive	Police Officer
Nipper, Daniel D.	57091	Portland Police Bureau	Active	Police Officer
Kamaka, Bryson K.	57092	Portland Police Bureau	Active	Police Officer
Bechtel, Lindsey A.	57093	Portland Police Bureau	Active	Police Officer
Livingston, Jeffrey J.	57119	Portland Police Bureau	Active	Police Officer
Gonzalez, Michael B.	57145	Portland Police Bureau	Inactive	Police Officer
Smith, Cameron A.	57152	Portland Police Bureau	Active	Police Officer
Young, Andrew K.	57282	Portland Police Bureau	Active	Police Officer
Wilson, Aaron M.	57303	Portland Police Bureau	Active	Police Officer
Arnold, Eli D.	57306	Portland Police Bureau	Active	Police Officer
Li, Amy A.	57307	Portland Police Bureau	Active	Police Officer
Le, Ken	57310	Portland Police Bureau	Active	Police Officer
Roe, Zachary M.	57331	Portland Police Bureau	Active	Police Officer
Livingston, Ariel M.	57429	Portland Police Bureau	Active	Police Officer
Flohr, Amelia A.	57430	Portland Police Bureau	Active	Police Officer
Smith, Colin W.	57438	Portland Police Bureau	Inactive	Police Officer
Brunelle, Tyler S.	57447	Portland Police Bureau	Active	Police Officer
Lopez, Carlos	57448	Portland Police Bureau	Inactive	Police Officer
Horecki, Justin D.	57450	Portland Police Bureau	Inactive	Police Officer
Hughes, Paige J.	57456	Portland Police Bureau	Active	Police Officer
Kelly, Mark B.	57474	Portland Police Bureau	Active	Police Officer
DeAnda, James A.	57476	Portland Police Bureau	Active	Police Officer
Wilson, Garret B.	57489	Portland Police Bureau	Active	Police Officer
Ledford, Adrian B.	57521	Portland Police Bureau	Active	Police Officer
LeCarno, Thomas J.	57549	Portland Police Bureau	Active	Police Officer
Bianca, Shanley M.	57552	Portland Police Bureau	Active	Police Officer
Brosseau, Evan M.	57562	Portland Police Bureau	Active	Police Officer
Brooks, Andrew S.	57578	Portland Police Bureau	Active	Police Officer
Ensley, Katrina M.	57579	Portland Police Bureau	Active	Police Officer
Ramos, David N.	57587	Portland Police Bureau	Active	Police Officer
Le, Stephen T.	57670	Portland Police Bureau	Active	Police Officer
Allison-Damitz, Dylan P.	57691	Portland Police Bureau	Inactive	Police Officer
Jeitani, Rawad J.	57718	Portland Police Bureau	Active	Police Officer
Baratta, Jeffrey A.	57719	Portland Police Bureau	Inactive	Police Officer
Ionesi, Samuel	57727	Portland Police Bureau	Active	Police Officer
Rains, Michael A.	57728	Portland Police Bureau	Inactive	Police Officer
Salmestrelli, Eric O.	57743	Portland Police Bureau	Inactive	Police Officer
Roush, Kyle D.	57758	Portland Police Bureau	Active	Police Officer
Reando, Jason A.	57759	Portland Police Bureau	Inactive	Police Officer
McDonald, Rachel A.	57760	Portland Police Bureau	Active	Police Officer
Woods, Taylor S.	57787	Portland Police Bureau	Active	Police Officer
Ford, Kristin N.	57799	Portland Police Bureau	Active	Police Officer
Suciu, Elena	57800	Portland Police Bureau	Active	Police Officer
Lin, Mongchi	57808	Portland Police Bureau	Active	Police Officer
Galego, Brian J.	57809	Portland Police Bureau	Active	Police Officer
Wheeler, Brian H.	57813	Portland Police Bureau	Active	Police Officer
Lyons, Clifton B.	57831	Portland Police Bureau	Active	Police Officer
Petty, Michelle E.	58008	Portland Police Bureau	Active	Police Officer
Shelton, William C.	58009	Portland Police Bureau	Active	Police Officer
Kuntz, Cody J.	58045	Portland Police Bureau	Active	Police Officer
Burns, Sarah C.	58108	Portland Police Bureau	Active	Police Officer
Iverson, Veronica K.	58109	Portland Police Bureau	Active	Police Officer
Wyatt, Tyler A.	58115	Portland Police Bureau	Active	Police Officer
Shiferaw, Robel	58167	Portland Police Bureau	Active	Police Officer
Brittingham, Brandyn L.	58168	Portland Police Bureau	Active	Police Officer
Frear, Laura R.	58169	Portland Police Bureau	Active	Police Officer
Cherevan, Andriy	58182	Portland Police Bureau	Inactive	Police Officer
Terrett, Michael J.	58225	Portland Police Bureau	Active	Police Officer
Santos, Christian G.	58262	Portland Police Bureau	Active	Police Officer
Ortiz, Jose, Jr.	58302	Portland Police Bureau	Active	Police Officer
Dale, Damien T.	58314	Portland Police Bureau	Active	Police Officer
Banfi, Nathan C.	58362	Portland Police Bureau	Inactive	Police Officer
Kashuba, Dina A.	58371	Portland Police Bureau	Inactive	Police Officer
Hancock, Sierra N.	58382	Portland Police Bureau	Inactive	Police Officer
Gericke, Cristina N.	58464	Portland Police Bureau	Active	Police Officer
Dyk, Joshua A.	58506	Portland Police Bureau	Active	Police Officer
Eide, Carolyn A.	58740	Portland Police Bureau	Active	Police Officer
Bent, Kenneth D.	58768	Portland Police Bureau	Active	Police Officer
Axelrod, Austin J.	58774	Portland Police Bureau	Inactive	Police Officer
Pettey, Stephen B.	58781	Portland Police Bureau	Active	Police Officer
Sathoff, Christopher J.	58857	Portland Police Bureau	Active	Police Officer
Barron, Francisco J.	58873	Portland Police Bureau	Active	Police Officer
Schaaf, Spencer D.	58874	Portland Police Bureau	Active	Police Officer
Schroeder, Shawn R.	58932	Portland Police Bureau	Active	Police Officer
Ollenbrook, Alexis S.	58940	Portland Police Bureau	Active	Police Officer
Bush, Thomas S.	58984	Portland Police Bureau	Active	Sergeant
Miron, Elena R.	59009	Portland Police Bureau	Inactive	Police Officer
Hoffman, Michael T.	59046	Portland Police Bureau	Active	Police Officer
Scannell, Colin C.	59093	Portland Police Bureau	Active	Police Officer
Cavalli-Singer, Gelsomina M.	59104	Portland Police Bureau	Active	Police Officer
Fultz, Troyler D.	59125	Portland Police Bureau	Active	Police Officer
Dooley, Kyle M.	59189	Portland Police Bureau	Active	Police Officer
Surla, Harley L.	59199	Portland Police Bureau	Active	Police Officer
Mora, Anthony R.	59317	Portland Police Bureau	Active	Police Officer
Freudenberg, Christopher E., Jr.	59366	Portland Police Bureau	Inactive	Police Officer
Hall, Daniel E.	59367	Portland Police Bureau	Active	Police Officer
Lowery, Charlie J.	59482	Portland Police Bureau	Active	Police Officer
Smith, Sammy D., Jr.	59492	Portland Police Bureau	Active	Police Officer
Bledsoe, Joshua M.	59515	Portland Police Bureau	Active	Police Officer
Rutledge, Jeremy R.	59550	Portland Police Bureau	Inactive	Police Officer
Bauer, Kurt D.	59626	Portland Police Bureau	Active	Police Officer
Postula, Kayla H.	59627	Portland Police Bureau	Active	Police Officer
Aroonsuck, Krute	59732	Portland Police Bureau	Active	Police Officer
Anderson, Whitney B.	59770	Portland Police Bureau	Active	Police Officer
Hernandez, Ryan H.	59775	Portland Police Bureau	Active	Police Officer
Fenske, McKay H.	59776	Portland Police Bureau	Active	Police Officer
Morales, Nicholas D.	59830	Portland Police Bureau	Active	Police Officer
Bredahl, Julianna R.	59840	Portland Police Bureau	Active	Police Officer
Matlock, Dustyn K.	59904	Portland Police Bureau	Active	Police Officer
Wambold, Nicholas A.	59907	Portland Police Bureau	Active	Police Officer
Faust, Robert	59979	Portland Police Bureau	Active	Police Officer
Moreland, Jarl C.	60098	Portland Police Bureau	Active	Police Officer
Wolfer, Paul D.	60101	Portland Police Bureau	Active	Police Officer
DeHart, David L.	60118	Portland Police Bureau	Active	Police Officer
Suboh, Fahmy J.	60125	Portland Police Bureau	Active	Police Officer
Caramucci, Katherine L.	60133	Portland Police Bureau	Active	Police Officer
Kuiper, Karly H.	60143	Portland Police Bureau	Active	Police Officer
Fuller, Kyle M.	60144	Portland Police Bureau	Active	Police Officer
Lorenz, Jonathan G.	60153	Portland Police Bureau	Active	Police Officer
Pedro-Lopez, Felipe	60154	Portland Police Bureau	Active	Police Officer
Interian-Pacho, David I.	60155	Portland Police Bureau	Active	Police Officer
Soler-Gonzalez, Gerbis D.	60156	Portland Police Bureau	Active	Police Officer
Afdup, Mohamed A.	60188	Portland Police Bureau	Active	Police Officer
Gibbons, Sara R.	60189	Portland Police Bureau	Active	Police Officer
Garcia, Garrett A.	60211	Portland Police Bureau	Active	Police Officer
Hirahara, Mason A.	60217	Portland Police Bureau	Active	Police Officer
Kyaw, Phone M.	60235	Portland Police Bureau	Active	Police Officer
Johnston, Joshua A.	60291	Portland Police Bureau	Active	Police Officer
Rosenbohm, Bennett W.	60377	Portland Police Bureau	Active	Police Officer
Baten, Christopher E.	60421	Portland Police Bureau	Active	Police Officer
DiCarlo, Brian C.	60422	Portland Police Bureau	Active	Police Officer
Lukic, Davor	60431	Portland Police Bureau	Active	Police Officer
Abramson, JuliAnna	60432	Portland Police Bureau	Active	Police Officer
Shouman, Austin L.	60434	Portland Police Bureau	Active	Police Officer
Gellman, Jonah M.	60435	Portland Police Bureau	Active	Police Officer
Alvarez, Ivan A.	60436	Portland Police Bureau	Active	Police Officer
Diaz, Miguel A.	60447	Portland Police Bureau	Inactive	Police Officer
Daley, Derrick D.	60450	Portland Police Bureau	Active	Police Officer
Alioth, Tracy L.	60455	Portland Police Bureau	Active	Police Officer
Carson, Antonea C.	60460	Portland Police Bureau	Active	Police Officer
Rusnac, Daniel J.	60525	Portland Police Bureau	Active	Police Officer
Rowland, Marialice	60546	Portland Police Bureau	Active	Police Officer
Walker, Elliott L.	60561	Portland Police Bureau	Active	Police Officer
Meyer, Garth W.	60562	Portland Police Bureau	Active	Police Officer
Guevara, Reynaldo	60587	Portland Police Bureau	Active	Police Officer
McDowall, Devin J.	60588	Portland Police Bureau	Inactive	Police Officer
Powell, Kelly L.	60590	Portland Police Bureau	Active	Police Officer
Brewer, James M.	60616	Portland Police Bureau	Active	Police Officer
Precup, Sebastian I.	60628	Portland Police Bureau	Active	Police Officer
Manipol, Jesse J.	60707	Portland Police Bureau	Inactive	Police Officer
Torres, Jeobany J.	60735	Portland Police Bureau	Active	Police Officer
Mathew, Donald L.	60812	Portland Police Bureau	Active	Police Officer
Srisongkham, Kenny	60813	Portland Police Bureau	Active	Police Officer
Morgan, Nicole A.	60814	Portland Police Bureau	Active	Police Officer
Cronin, Lawrence K.	60815	Portland Police Bureau	Active	Police Officer
Burgess, Curtis L.	60835	Portland Police Bureau	Active	Police Officer
Askelson, Bryce A.	60861	Portland Police Bureau	Active	Police Officer
Fuller, Rebeccah A.	60889	Portland Police Bureau	Active	Police Officer
Yamanoi, Richard T.	60892	Portland Police Bureau	Active	Police Officer
Danielson, Nichol M.	60894	Portland Police Bureau	Active	Police Officer
Grimes, Colton R.	60898	Portland Police Bureau	Active	Police Officer
Johnson, Drew T.	60908	Portland Police Bureau	Inactive	Police Officer
Perry, Charles D.	60923	Portland Police Bureau	Active	Police Officer
Cote, Emily M.	60927	Portland Police Bureau	Active	Police Officer
Richards, Garrett D.	60932	Portland Police Bureau	Inactive	Police Officer
Sederholm, Alexander J.	60962	Portland Police Bureau	Active	Police Officer
Rabe, Caleb J.	60964	Portland Police Bureau	Active	Police Officer
Kline, Tyler W.	60983	Portland Police Bureau	Active	Police Officer
Arden, Gabriel K.	60989	Portland Police Bureau	Inactive	Police Officer
Schultz, Alec R.	61081	Portland Police Bureau	Active	Police Officer
Kaneda, Sambi	61083	Portland Police Bureau	Active	Police Officer
Medina, Gabriel F.	61098	Portland Police Bureau	Active	Police Officer
Robles, Karina P.	61099	Portland Police Bureau	Active	Police Officer
Wetzsteon, Adam W.	61100	Portland Police Bureau	Active	Police Officer
Allen, April E.	61101	Portland Police Bureau	Inactive	Police Officer
Stolzenberger, Kylie F.	61102	Portland Police Bureau	Inactive	Police Officer
Shairs, Dylan M.	61103	Portland Police Bureau	Active	Police Officer
Carlson, Jeremy A.	61105	Portland Police Bureau	Active	Police Officer
Stewart, Rylee A.	61148	Portland Police Bureau	Active	Police Officer
Brahy, Richard M.	61834	Portland Police Bureau	Active	Police Officer
Lyon, Aaron M.	61858	Portland Police Bureau	Inactive	Police Officer
Tran, Huan	61864	Portland Police Bureau	Active	Police Officer
Cipriano-Guzman, David	61886	Portland Police Bureau	Active	Police Officer
Pena, Camilo	61887	Portland Police Bureau	Active	Police Officer
Drury, Julian M.	61889	Portland Police Bureau	Active	Police Officer
Badri, Saud A.	61896	Portland Police Bureau	Active	Police Officer
Pearce, Andrew B.	61941	Portland Police Bureau	Active	Police Officer
Crouchley, Angela M.	62008	Portland Police Bureau	Active	Police Officer
Serrano, Cristina	62011	Portland Police Bureau	Active	Police Officer
Jones, Brooke R.	62012	Portland Police Bureau	Active	Police Officer
Buchanan, Kelsey M.	62014	Portland Police Bureau	Active	Police Officer
Weir, Jill D.	62015	Portland Police Bureau	Active	Police Officer
Freund, Max A.	62016	Portland Police Bureau	Active	Police Officer
Johnson, Jennifer J.	62017	Portland Police Bureau	Active	Police Officer
Mount, Rory J.	62018	Portland Police Bureau	Active	Police Officer
Graham, James R.	62032	Portland Police Bureau	Active	Police Officer
Kaimuloa, Pono K.	62229	Portland Police Bureau	Active	Police Officer
Schwartz, Matthew B.	62260	Portland Police Bureau	Active	Police Officer
McGloghlon, Donn L.	62287	Portland Police Bureau	Active	Police Officer
Rezayee, Ahmad M.	62320	Portland Police Bureau	Active	Police Officer
Frederick, Maimei M.	62389	Portland Police Bureau	Active	Police Officer
Al Sarraf, Dhulfiqar	62390	Portland Police Bureau	Active	Police Officer
Ruch, Jessica R.	62392	Portland Police Bureau	Active	Police Officer
Houston, Maurice A.	62440	Portland Police Bureau	Active	Police Officer
Salazar-Kachel, David A.	62451	Portland Police Bureau	Active	Police Officer
Guevara, Rolando	62452	Portland Police Bureau	Active	Police Officer
Hamilton, Madison S.	62522	Portland Police Bureau	Active	Police Officer
Zook, Hunter W.	62591	Portland Police Bureau	Active	Police Officer
